Position,Driver,Team,Points,Status
1,Lando Norris,McLaren Formula 1 ,25,Finished
2,George Russell,Mercedes-AMG Petronas F1 ,18,Finished
3,Fernando Alonso,Aston Martin Aramco F1 ,15,Finished
4,Sergio PÃ©rez,Oracle Red Bull Racing,12,Finished
5,Max Verstappen,Oracle Red Bull Racing,10,Finished
6,Lance Stroll,Aston Martin Aramco F1 ,8,Finished
7,Alexander Albon,Williams Racing,6,Finished
8,Oscar Piastri,McLaren Formula 1 ,4,Finished
9,Charles Leclerc,Scuderia Ferrari HP,2,Finished
10,Daniel Ricciardo,Williams Racing,1,Finished
11,Lewis Hamilton,Mercedes-AMG Petronas F1 ,0,Finished
12,Nico Hulkenberg,Stake F1 Kick Sauber,0,Finished
13,Valtteri Bottas,Stake F1 Kick Sauber,0,Finished
14,Yuki Tsunoda,Visa Cash App Racing Bulls F1 ,0,Finished
15,Liam Lawson,Visa Cash App Racing Bulls F1 ,0,Finished
16,Andrea Kimi Antonelli,MoneyGram Haas F1 ,0,Finished
17,Carlos Sainz Jr.,Scuderia Ferrari HP,0,Finished
18,Zhou Guanyu,MoneyGram Haas F1 ,0,Finished
19,Jack Doohan,BWT Alpine F1 ,0,Finished
20,Esteban Ocon,BWT Alpine F1 ,0,Finished
